{"is_source_file": true, "file_id": 2, "git_revision": "", "state": 1, "description": "", "external_files": [], "external_methods": [], "published": [], "classes": [], "methods": [], "calls": [], "search-terms": [], "ctags": [{"_type": "tag", "name": "app", "path": "/home/kavia/workspace/code-generation/event-manager-pro-217539-217549/events_backend/src/api/main.py", "pattern": "/^app = FastAPI()$/", "language": "Python", "kind": "variable"}, {"_type": "tag", "name": "health_check", "path": "/home/kavia/workspace/code-generation/event-manager-pro-217539-217549/events_backend/src/api/main.py", "pattern": "/^def health_check():$/", "language": "Python", "kind": "function", "signature": "()"}], "format": "Python", "hash": null, "format-version": 4, "code-base-name": "events_backend", "filename": "events_backend/src/api/main.py", "knowledge_revision": 4}