{"is_source_file": true, "format": "Python", "description": "Main application source file for an event management backend using FastAPI. It sets up the app, middleware, database initialization, and routes for authentication, events, RSVPs, and notifications.", "external_files": ["src/db", "src.routers.auth", "src.routers.events", "src.routers.notifications", "src.routers.rsvps"], "external_methods": ["init_db", "auth.router", "events.router", "notifications.router", "rsvps.router"], "published": ["health"], "classes": [{"name": "FastAPI", "description": "Main web application instance from FastAPI framework, configured for the event management API."}], "methods": [{"name": "_get_cors_origins", "description": "Retrieves CORS origins from environment variables, defaulting to localhost:3000."}, {"name": "lifespan", "description": "Async context manager for initializing the database and setting up app lifespan events."}, {"name": "health", "description": "Endpoint for performing health checks of the service."}], "calls": ["init_db", "app.include_router", "app.add_middleware", "os.getenv", "asynccontextmanager"], "search-terms": ["FastAPI application setup", "CORS middleware", "Event management API", "JWT authentication", "RSVP routing", "Notifications handling"], "state": 2, "file_id": 5, "knowledge_revision": 10, "git_revision": "", "ctags": [], "hash": null, "format-version": 4, "code-base-name": "events_backend", "filename": "events_backend/src/main.py", "revision_history": [{"10": ""}]}